ID,Qualification,Marital_Status
1,Intermediate,Single
2,Master,Married
3,Master,Married
4,Bachelor,Single
5,Master,Single
6,PhD,Married
7,Matric,Single
8,Bachelor,Single
9,Intermediate,Single
10,Bachelor,Married
11,Intermediate,Single
12,Master,Single
13,Bachelor,Single
14,Master,Married
15,Intermediate,Married
16,Bachelor,Divorced
17,Master,Divorced
18,PhD,Married
19,Intermediate,Divorced
20,Bachelor,Married
21,Bachelor,Divorced
22,Bachelor,Single
23,Bachelor,Single
24,Bachelor,Divorced
25,Bachelor,Married
26,Bachelor,Married
27,Bachelor,Divorced
28,Bachelor,Married
29,Bachelor,Single
30,Intermediate,Married
31,Bachelor,Widowed
32,PhD,Divorced
33,Bachelor,Married
34,Bachelor,Single
35,Matric,Single
36,Intermediate,Divorced
37,Bachelor,Married
38,Bachelor,Married
39,PhD,Married
40,Intermediate,Single
41,Matric,Single
42,Intermediate,Single
43,Intermediate,Single
44,Bachelor,Single
45,Intermediate,Married
46,Master,Married
47,Bachelor,Married
48,Intermediate,Married
49,Intermediate,Divorced
50,Bachelor,Married
51,Bachelor,Widowed
52,Bachelor,Married
53,Bachelor,Single
54,Matric,Single
55,Master,Married
56,Intermediate,Single
57,PhD,Married
58,Master,Married
59,Bachelor,Married
60,Bachelor,Married
61,Bachelor,Married
62,Bachelor,Single
63,Master,Married
64,Master,Single
65,Bachelor,Married
66,Intermediate,Single
67,Matric,Married
68,Matric,Married
69,Bachelor,Single
70,Intermediate,Single
71,Master,Married
72,Intermediate,Widowed
73,Intermediate,Divorced
74,Bachelor,Married
75,Matric,Single
76,PhD,Single
77,Master,Single
78,Bachelor,Divorced
79,Matric,Single
80,Master,Divorced
81,Master,Divorced
82,Matric,Single
83,Bachelor,Married
84,Bachelor,Married
85,Matric,Married
86,Matric,Single
87,Master,Single
88,Matric,Single
89,Bachelor,Widowed
90,Matric,Single
91,Bachelor,Divorced
92,Master,Married
93,Bachelor,Single
94,PhD,Married
95,PhD,Single
96,Bachelor,Married
97,Bachelor,Single
98,Bachelor,Married
99,Intermediate,Single
100,Intermediate,Married
101,Intermediate,Married
102,Bachelor,Married
103,Master,Single
104,Master,Divorced
105,Master,Married
106,Master,Single
107,Bachelor,Widowed
108,Bachelor,Single
109,Intermediate,Married
110,Bachelor,Married
111,Bachelor,Married
112,Bachelor,Single
113,Master,Married
114,Matric,Married
115,Bachelor,Married
116,Master,Married
117,Intermediate,Single
118,PhD,Divorced
119,Bachelor,Single
120,Intermediate,Single
121,Bachelor,Widowed
122,Bachelor,Married
123,PhD,Married
124,Bachelor,Single
125,Bachelor,Married
126,Intermediate,Married
127,Intermediate,Married
128,Master,Married
129,Bachelor,Married
130,Intermediate,Divorced
131,Bachelor,Married
132,Master,Married
133,Bachelor,Married
134,Master,Divorced
135,Bachelor,Married
136,Intermediate,Widowed
137,Bachelor,Married
138,Bachelor,Married
139,Bachelor,Single
140,Bachelor,Divorced
141,PhD,Married
142,Intermediate,Married
143,Bachelor,Married
144,Master,Married
145,Matric,Married
146,Bachelor,Married
147,Intermediate,Married
148,Master,Married
149,Master,Married
150,Bachelor,Widowed
151,Bachelor,Divorced
152,Bachelor,Single
153,Intermediate,Married
154,Intermediate,Divorced
155,PhD,Married
156,Master,Married
157,Intermediate,Divorced
158,Bachelor,Widowed
159,Bachelor,Single
160,PhD,Married
161,Intermediate,Married
162,PhD,Married
163,PhD,Single
164,Intermediate,Single
165,Master,Single
166,Bachelor,Single
167,Master,Single
168,Bachelor,Married
169,Bachelor,Single
170,Master,Single
171,Bachelor,Single
172,Bachelor,Married
173,PhD,Married
174,Bachelor,Widowed
175,Intermediate,Married
176,Master,Single
177,Bachelor,Single
178,Bachelor,Married
179,Bachelor,Divorced
180,Bachelor,Single
181,Master,Married
182,PhD,Married
183,Bachelor,Married
184,Master,Single
185,Master,Single
186,Bachelor,Married
187,Master,Married
188,Intermediate,Married
189,Bachelor,Married
190,Master,Married
191,Intermediate,Widowed
192,Master,Married
193,PhD,Married
194,Master,Married
195,Master,Divorced
196,Intermediate,Married
197,Bachelor,Married
198,Bachelor,Single
199,Bachelor,Married
200,PhD,Married
201,Intermediate,Divorced
202,Master,Married
203,Master,Single
204,Bachelor,Widowed
205,Bachelor,Single
206,Intermediate,Single
207,Master,Single
208,Bachelor,Single
209,Master,Single
210,Master,Single
211,Master,Married
212,Master,Married
213,PhD,Married
214,Bachelor,Single
215,Bachelor,Married
216,Bachelor,Single
217,Intermediate,Married
218,Bachelor,Single
219,Master,Single
220,Bachelor,Single
221,Master,Single
222,Master,Divorced
223,Bachelor,Single
224,PhD,Single
225,Master,Married
226,Intermediate,Divorced
227,Master,Single
228,Bachelor,Single
229,Intermediate,Single
230,Matric,Married
231,Intermediate,Married
232,Bachelor,Widowed
233,Matric,Married
234,Bachelor,Widowed
235,Master,Single
236,Bachelor,Single
237,Bachelor,Single
238,Bachelor,Widowed
239,Master,Married
240,Bachelor,Single
241,Matric,Single
242,Bachelor,Married
243,Bachelor,Single
244,Bachelor,Married
245,Intermediate,Married
246,Master,Single
247,Master,Single
248,Bachelor,Married
249,Bachelor,Single
250,Master,Married
251,Bachelor,Single
252,Matric,Single
253,Bachelor,Married
254,Master,Married
255,Master,Married
256,Master,Married
257,Bachelor,Single
258,PhD,Married
259,Bachelor,Single
260,PhD,Widowed
261,Intermediate,Divorced
262,Master,Married
263,Bachelor,Married
264,Intermediate,Married
265,Bachelor,Married
266,Bachelor,Single
267,Master,Divorced
268,Master,Married
269,PhD,Divorced
270,Bachelor,Married
271,Master,Married
272,Bachelor,Married
273,Matric,Widowed
274,Bachelor,Divorced
275,Bachelor,Married
276,Master,Married
277,Bachelor,Married
278,Bachelor,Married
279,Intermediate,Single
280,Intermediate,Widowed
281,Master,Married
282,Master,Single
283,Intermediate,Married
284,PhD,Single
285,Intermediate,Divorced
286,Master,Married
287,Intermediate,Single
288,PhD,Widowed
289,Bachelor,Single
290,Bachelor,Divorced
291,Master,Single
292,Master,Married
293,Matric,Widowed
294,Bachelor,Widowed
295,Bachelor,Married
296,Bachelor,Single
297,Bachelor,Divorced
298,Bachelor,Single
299,Bachelor,Married
300,Bachelor,Single
301,Bachelor,Single
302,PhD,Single
303,PhD,Married
304,Master,Married
305,Intermediate,Married
306,Bachelor,Married
307,Bachelor,Married
308,Matric,Widowed
309,PhD,Single
310,Bachelor,Divorced
311,Matric,Divorced
312,Bachelor,Married
313,Bachelor,Single
314,Master,Single
315,Master,Married
316,Bachelor,Married
317,Bachelor,Married
318,Intermediate,Single
319,Matric,Married
320,Bachelor,Single
321,Bachelor,Single
322,Bachelor,Widowed
323,Matric,Widowed
324,Master,Divorced
325,Intermediate,Widowed
326,Master,Married
327,Matric,Married
328,PhD,Married
329,Master,Married
330,Intermediate,Married
331,Bachelor,Married
332,Intermediate,Married
333,Intermediate,Divorced
334,Bachelor,Married
335,PhD,Married
336,Intermediate,Widowed
337,Matric,Married
338,Master,Married
339,Master,Widowed
340,Master,Single
341,Bachelor,Single
342,PhD,Married
343,Intermediate,Single
344,Intermediate,Widowed
345,Bachelor,Married
346,PhD,Married
347,Matric,Divorced
348,PhD,Single
349,Matric,Married
350,Bachelor,Single
351,Intermediate,Single
352,Matric,Divorced
353,Matric,Married
354,Master,Single
355,Master,Married
356,PhD,Married
357,Master,Widowed
358,Master,Married
359,Master,Married
360,Bachelor,Married
361,Intermediate,Married
362,Master,Married
363,Matric,Married
364,Matric,Single
365,Bachelor,Married
366,Bachelor,Married
367,PhD,Divorced
368,PhD,Single
369,PhD,Married
370,Bachelor,Divorced
371,Master,Single
372,Bachelor,Married
373,Master,Married
374,Intermediate,Married
375,Bachelor,Single
376,Master,Single
377,Bachelor,Single
378,Intermediate,Married
379,Matric,Single
380,Master,Married
381,Bachelor,Married
382,Master,Married
383,Intermediate,Single
384,PhD,Married
385,Master,Widowed
386,Bachelor,Married
387,Master,Married
388,Master,Married
389,Bachelor,Single
390,Master,Widowed
391,Intermediate,Widowed
392,Matric,Single
393,Matric,Married
394,Bachelor,Widowed
395,Matric,Divorced
396,Matric,Divorced
397,Bachelor,Divorced
398,Master,Married
399,Intermediate,Divorced
400,Matric,Single
401,Intermediate,Single
402,Master,Widowed
403,Bachelor,Married
404,Bachelor,Married
405,Master,Single
406,Intermediate,Single
407,Bachelor,Single
408,Bachelor,Married
409,Master,Divorced
410,Intermediate,Married
411,Intermediate,Married
412,PhD,Married
413,Bachelor,Married
414,Master,Single
415,Intermediate,Widowed
416,PhD,Divorced
417,Matric,Married
418,Bachelor,Married
419,Intermediate,Divorced
420,Matric,Single
421,PhD,Married
422,Master,Married
423,PhD,Married
424,Master,Married
425,Intermediate,Single
426,Bachelor,Married
427,Bachelor,Married
428,Matric,Divorced
429,Bachelor,Married
430,Bachelor,Married
431,Bachelor,Married
432,Intermediate,Married
433,Bachelor,Divorced
434,Bachelor,Married
435,Bachelor,Married
436,Bachelor,Married
437,Master,Single
438,Bachelor,Single
439,Bachelor,Widowed
440,Intermediate,Married
441,Intermediate,Married
442,PhD,Married
443,Intermediate,Single
444,PhD,Married
445,Bachelor,Divorced
446,Master,Married
447,Matric,Divorced
448,Master,Married
449,PhD,Married
450,PhD,Married
451,Bachelor,Married
452,Master,Married
453,Bachelor,Divorced
454,Master,Divorced
455,Bachelor,Single
456,Bachelor,Married
457,Bachelor,Single
458,Bachelor,Married
459,Bachelor,Married
460,Master,Single
461,Matric,Married
462,Intermediate,Single
463,Bachelor,Married
464,Intermediate,Single
465,Intermediate,Single
466,Matric,Single
467,Intermediate,Single
468,Bachelor,Divorced
469,Bachelor,Single
470,Master,Single
471,Bachelor,Divorced
472,Intermediate,Single
473,Master,Married
474,Bachelor,Single
475,Master,Married
476,Bachelor,Divorced
477,Bachelor,Married
478,Intermediate,Single
479,Intermediate,Married
480,Master,Divorced
481,PhD,Single
482,Master,Divorced
483,Intermediate,Married
484,Master,Widowed
485,Master,Single
486,Master,Married
487,Intermediate,Married
488,Intermediate,Married
489,Intermediate,Single
490,Intermediate,Divorced
491,Master,Single
492,Master,Married
493,Matric,Single
494,Intermediate,Divorced
495,Intermediate,Single
496,Intermediate,Single
497,Master,Divorced
498,Matric,Single
499,Intermediate,Married
500,Master,Single
501,Intermediate,Married
502,Bachelor,Divorced
503,Bachelor,Widowed
504,Master,Married
505,Master,Married
506,Bachelor,Single
507,Matric,Married
508,Master,Divorced
509,Master,Married
510,Master,Single
511,Bachelor,Married
512,Matric,Married
513,Intermediate,Single
514,Intermediate,Married
515,PhD,Married
516,PhD,Single
517,Master,Single
518,Intermediate,Married
519,Intermediate,Married
520,Master,Married
521,Intermediate,Married
522,Bachelor,Single
523,Master,Single
524,Bachelor,Married
525,Matric,Single
526,Bachelor,Single
527,Bachelor,Married
528,Intermediate,Married
529,Master,Single
530,Master,Divorced
531,Master,Married
532,Bachelor,Married
533,Master,Married
534,Master,Single
535,Matric,Single
536,Bachelor,Married
537,Intermediate,Single
538,Intermediate,Single
539,PhD,Married
540,Bachelor,Single
541,PhD,Single
542,Bachelor,Married
543,Bachelor,Single
544,Master,Divorced
545,PhD,Single
546,Master,Single
547,Bachelor,Married
548,PhD,Married
549,Bachelor,Single
550,Master,Married
551,Master,Widowed
552,Bachelor,Divorced
553,Bachelor,Single
554,PhD,Married
555,Bachelor,Married
556,Bachelor,Divorced
557,Master,Married
558,Bachelor,Married
559,Bachelor,Single
560,Bachelor,Married
561,Matric,Single
562,Bachelor,Single
563,Matric,Single
564,Bachelor,Divorced
565,Master,Divorced
566,Bachelor,Married
567,PhD,Single
568,Intermediate,Single
569,PhD,Single
570,Master,Married
571,Matric,Divorced
572,Master,Married
573,Master,Single
574,Bachelor,Widowed
575,Bachelor,Married
576,Master,Married
577,Bachelor,Single
578,Intermediate,Single
579,PhD,Married
580,Matric,Single
581,Matric,Divorced
582,Master,Single
583,Matric,Widowed
584,Master,Single
585,Master,Single
586,Bachelor,Married
587,Bachelor,Single
588,PhD,Divorced
589,Intermediate,Married
590,Master,Married
591,Intermediate,Single
592,Master,Single
593,Bachelor,Single
594,Master,Married
595,Master,Married
596,PhD,Married
597,Bachelor,Single
598,Master,Divorced
599,Bachelor,Married
600,Bachelor,Married
601,Master,Widowed
602,Bachelor,Married
603,Master,Married
604,Bachelor,Single
605,Matric,Single
606,Bachelor,Married
607,Master,Single
608,Intermediate,Divorced
609,Bachelor,Married
610,Bachelor,Married
611,Master,Married
612,Bachelor,Married
613,Bachelor,Married
614,Intermediate,Single
615,Matric,Married
616,Master,Single
617,Master,Single
618,Bachelor,Married
619,PhD,Married
620,Master,Widowed
621,Intermediate,Widowed
622,Master,Married
623,Master,Married
624,Master,Married
625,Bachelor,Single
626,PhD,Married
627,PhD,Married
628,Master,Widowed
629,PhD,Married
630,Bachelor,Married
631,Master,Widowed
632,Bachelor,Divorced
633,PhD,Married
634,PhD,Widowed
635,Bachelor,Divorced
636,PhD,Married
637,Master,Single
638,Intermediate,Married
639,Matric,Single
640,Intermediate,Married
641,Master,Divorced
642,Bachelor,Married
643,Bachelor,Married
644,PhD,Married
645,Intermediate,Single
646,Bachelor,Married
647,Intermediate,Married
648,Bachelor,Single
649,Bachelor,Married
650,Bachelor,Single
651,Master,Single
652,Bachelor,Single
653,Matric,Married
654,Bachelor,Single
655,PhD,Widowed
656,Master,Married
657,Matric,Divorced
658,Intermediate,Married
659,Matric,Married
660,Bachelor,Single
661,Master,Married
662,Bachelor,Widowed
663,Bachelor,Married
664,Bachelor,Married
665,Bachelor,Divorced
666,Intermediate,Married
667,Master,Married
668,Bachelor,Single
669,Bachelor,Single
670,PhD,Married
671,PhD,Married
672,PhD,Single
673,Master,Single
674,Master,Married
675,Bachelor,Single
676,Bachelor,Single
677,Bachelor,Married
678,Master,Single
679,PhD,Married
680,Intermediate,Single
681,Matric,Divorced
682,Intermediate,Single
683,Bachelor,Single
684,Bachelor,Single
685,Bachelor,Married
686,Bachelor,Single
687,Intermediate,Single
688,Bachelor,Married
689,Master,Widowed
690,Master,Married
691,Bachelor,Divorced
692,PhD,Married
693,Matric,Divorced
694,Intermediate,Single
695,Bachelor,Divorced
696,Bachelor,Single
697,Bachelor,Married
698,Matric,Single
699,Bachelor,Divorced
700,Master,Married
701,PhD,Married
702,Intermediate,Single
703,Matric,Single
704,Intermediate,Widowed
705,Master,Single
706,Bachelor,Married
707,Master,Single
708,Intermediate,Single
709,Bachelor,Married
710,Intermediate,Widowed
711,PhD,Married
712,Bachelor,Divorced
713,Bachelor,Single
714,Matric,Single
715,Matric,Married
716,Intermediate,Single
717,Master,Single
718,Matric,Married
719,Master,Married
720,Matric,Single
721,Bachelor,Single
722,Master,Widowed
723,Bachelor,Married
724,Bachelor,Single
725,Bachelor,Single
726,Bachelor,Married
727,Bachelor,Widowed
728,Intermediate,Married
729,Bachelor,Single
730,Master,Married
731,Matric,Single
732,Master,Married
733,Bachelor,Single
734,Bachelor,Single
735,PhD,Married
736,Intermediate,Single
737,Intermediate,Married
738,Matric,Single
739,Bachelor,Divorced
740,Intermediate,Married
741,Master,Widowed
742,Master,Widowed
743,Master,Married
744,Bachelor,Married
745,Bachelor,Single
746,PhD,Married
747,Intermediate,Married
748,PhD,Single
749,Master,Single
750,Master,Married
751,Intermediate,Married
752,Bachelor,Single
753,Master,Married
754,Intermediate,Single
755,PhD,Married
756,Bachelor,Divorced
757,Master,Single
758,Bachelor,Married
759,Matric,Married
760,Master,Married
761,PhD,Single
762,Bachelor,Married
763,Bachelor,Divorced
764,Intermediate,Married
765,Master,Married
766,Bachelor,Divorced
767,Matric,Single
768,Intermediate,Married
769,Bachelor,Single
770,Bachelor,Married
771,Master,Married
772,Master,Single
773,Master,Married
774,Matric,Single
775,Matric,Divorced
776,Matric,Single
777,PhD,Married
778,Master,Divorced
779,Intermediate,Single
780,Master,Married
781,PhD,Widowed
782,Bachelor,Single
783,Bachelor,Married
784,Intermediate,Divorced
785,Intermediate,Divorced
786,Intermediate,Divorced
787,Master,Married
788,Intermediate,Married
789,Bachelor,Divorced
790,Intermediate,Divorced
791,Matric,Married
792,Matric,Married
793,Bachelor,Single
794,Intermediate,Divorced
795,Bachelor,Single
796,Bachelor,Married
797,Master,Single
798,Bachelor,Married
799,Bachelor,Single
800,PhD,Married
801,PhD,Married
802,Bachelor,Single
803,Bachelor,Married
804,Master,Single
805,Bachelor,Married
806,Bachelor,Widowed
807,Master,Married
808,Intermediate,Widowed
809,Master,Married
810,Bachelor,Married
811,Master,Single
812,Master,Married
813,Intermediate,Widowed
814,Bachelor,Married
815,Intermediate,Married
816,Matric,Widowed
817,Bachelor,Single
818,Matric,Single
819,Master,Divorced
820,PhD,Single
821,Intermediate,Single
822,Master,Single
823,Bachelor,Married
824,Master,Married
825,Master,Divorced
826,Bachelor,Married
827,Master,Single
828,Intermediate,Married
829,PhD,Married
830,Master,Married
831,Bachelor,Married
832,PhD,Married
833,PhD,Married
834,Intermediate,Single
835,Bachelor,Married
836,Master,Married
837,Master,Single
838,PhD,Widowed
839,Intermediate,Single
840,Master,Single
841,Intermediate,Married
842,Bachelor,Single
843,Master,Married
844,Master,Widowed
845,PhD,Single
846,Master,Married
847,Master,Married
848,Master,Single
849,PhD,Single
850,Matric,Single
851,Intermediate,Married
852,Bachelor,Divorced
853,Intermediate,Married
854,Bachelor,Married
855,PhD,Single
856,Bachelor,Single
857,Bachelor,Married
858,Bachelor,Married
859,Master,Married
860,Bachelor,Single
861,Intermediate,Married
862,Intermediate,Single
863,Master,Married
864,Matric,Single
865,Master,Married
866,Bachelor,Divorced
867,Intermediate,Single
868,Master,Married
869,Master,Married
870,Matric,Married
871,Master,Married
872,Intermediate,Married
873,Intermediate,Married
874,Bachelor,Married
875,Intermediate,Married
876,Intermediate,Single
877,Bachelor,Single
878,Master,Married
879,Matric,Single
880,Bachelor,Married
881,Bachelor,Married
882,Intermediate,Single
883,Bachelor,Single
884,PhD,Single
885,Bachelor,Single
886,Intermediate,Married
887,Bachelor,Single
888,Matric,Single
889,Master,Married
890,Bachelor,Married
891,Bachelor,Married
892,Master,Single
893,Intermediate,Single
894,Bachelor,Married
895,Bachelor,Married
896,Master,Married
897,PhD,Married
898,Intermediate,Single
899,Intermediate,Single
900,Master,Married
901,Matric,Married
902,Bachelor,Divorced
903,PhD,Married
904,Bachelor,Single
905,Bachelor,Married
906,PhD,Single
907,Master,Single
908,Intermediate,Married
909,Bachelor,Single
910,PhD,Married
911,Master,Married
912,Bachelor,Married
913,PhD,Divorced
914,Intermediate,Divorced
915,Intermediate,Widowed
916,Matric,Single
917,Bachelor,Divorced
918,Intermediate,Married
919,Matric,Widowed
920,Master,Married
921,Matric,Single
922,Matric,Single
923,Bachelor,Married
924,Matric,Single
925,Intermediate,Married
926,Master,Married
927,PhD,Married
928,Matric,Divorced
929,PhD,Single
930,Bachelor,Widowed
931,Bachelor,Single
932,Bachelor,Married
933,Bachelor,Single
934,Bachelor,Married
935,Intermediate,Married
936,Bachelor,Single
937,Bachelor,Divorced
938,Intermediate,Married
939,Master,Married
940,PhD,Married
941,Intermediate,Married
942,PhD,Married
943,Matric,Widowed
944,Master,Married
945,Bachelor,Widowed
946,Master,Single
947,Master,Married
948,Master,Married
949,Bachelor,Married
950,Bachelor,Married
951,Bachelor,Married
952,Intermediate,Married
953,Master,Married
954,Master,Divorced
955,Bachelor,Single
956,Intermediate,Married
957,Master,Married
958,Master,Married
959,Bachelor,Married
960,Intermediate,Single
961,Bachelor,Married
962,Intermediate,Married
963,PhD,Widowed
964,Bachelor,Single
965,Intermediate,Divorced
966,Master,Married
967,Master,Married
968,Matric,Single
969,Matric,Single
970,Bachelor,Single
971,Bachelor,Married
972,Master,Married
973,Intermediate,Single
974,Master,Single
975,PhD,Married
976,Bachelor,Married
977,Bachelor,Married
978,Master,Married
979,Bachelor,Single
980,PhD,Single
981,Bachelor,Married
982,Intermediate,Widowed
983,PhD,Married
984,Master,Married
985,Bachelor,Married
986,PhD,Married
987,Bachelor,Married
988,Intermediate,Divorced
989,Bachelor,Single
990,PhD,Single
991,Matric,Single
992,Master,Single
993,Master,Married
994,Master,Single
995,Bachelor,Single
996,Master,Single
997,Bachelor,Widowed
998,Intermediate,Widowed
999,Matric,Single
1000,Bachelor,Married
1001,Intermediate,Divorced
1002,Master,Divorced
1003,Master,Married
1004,Intermediate,Single
1005,Master,Single
1006,Bachelor,Single
1007,Intermediate,Single
1008,Bachelor,Married
1009,Master,Married
1010,Matric,Married
1011,Bachelor,Single
1012,PhD,Married
1013,Master,Married
1014,Master,Married
1015,Matric,Divorced
1016,Matric,Divorced
1017,Intermediate,Single
1018,Bachelor,Divorced
1019,Master,Married
1020,Bachelor,Single
1021,Bachelor,Married
1022,Intermediate,Single
1023,Matric,Married
1024,Matric,Single
1025,Matric,Divorced
1026,Bachelor,Married
1027,Intermediate,Widowed
1028,Bachelor,Married
1029,Master,Widowed
1030,Master,Single
1031,Bachelor,Single
1032,Master,Married
1033,Intermediate,Married
1034,Master,Married
1035,Intermediate,Single
1036,Intermediate,Widowed
1037,Master,Divorced
1038,Bachelor,Single
1039,Intermediate,Single
1040,Bachelor,Single
1041,Master,Married
1042,Matric,Married
1043,Bachelor,Married
1044,PhD,Married
1045,Master,Single
1046,Master,Married
1047,Bachelor,Single
1048,Master,Divorced
1049,Master,Married
1050,Master,Married
1051,Matric,Married
1052,Master,Divorced
1053,Matric,Married
1054,Bachelor,Single
1055,PhD,Married
1056,Bachelor,Married
1057,Intermediate,Single
1058,Master,Married
1059,Master,Married
1060,Intermediate,Single
1061,Bachelor,Married
1062,Master,Married
1063,Master,Single
1064,Master,Married
1065,PhD,Widowed
1066,Master,Married
1067,Matric,Married
1068,PhD,Single
1069,Matric,Divorced
1070,Master,Single
1071,Intermediate,Single
1072,Bachelor,Married
1073,Matric,Single
1074,Bachelor,Single
1075,Master,Single
1076,Intermediate,Single
1077,PhD,Divorced
1078,Master,Married
1079,Master,Married
1080,Bachelor,Married
1081,Bachelor,Married
1082,Matric,Single
1083,Master,Married
1084,Master,Divorced
1085,Bachelor,Single
1086,Intermediate,Single
1087,Master,Divorced
1088,Intermediate,Married
1089,Matric,Single
1090,Intermediate,Single
1091,Intermediate,Married
1092,Intermediate,Married
1093,Intermediate,Divorced
1094,Master,Married
1095,Bachelor,Single
1096,Bachelor,Single
1097,Matric,Single
1098,Bachelor,Single
1099,Bachelor,Married
1100,Intermediate,Single
1101,Master,Divorced
1102,PhD,Single
1103,Bachelor,Married
1104,Master,Married
1105,Intermediate,Divorced
1106,Bachelor,Married
1107,Bachelor,Divorced
1108,PhD,Single
1109,Master,Single
1110,PhD,Married
1111,Bachelor,Single
1112,Bachelor,Divorced
1113,Intermediate,Married
1114,Bachelor,Married
1115,Matric,Married
1116,Bachelor,Single
1117,Master,Single
1118,Bachelor,Divorced
1119,Master,Married
1120,Bachelor,Married
1121,Matric,Single
1122,PhD,Married
1123,Intermediate,Married
1124,Intermediate,Single
1125,Master,Widowed
1126,Matric,Widowed
1127,Bachelor,Single
1128,Intermediate,Single
1129,Matric,Married
1130,Intermediate,Divorced
1131,Master,Married
1132,Bachelor,Married
1133,Intermediate,Single
1134,Bachelor,Divorced
1135,Intermediate,Single
1136,Intermediate,Married
1137,PhD,Married
1138,Bachelor,Married
1139,Master,Married
1140,PhD,Married
1141,Bachelor,Single
1142,Master,Married
1143,Intermediate,Divorced
1144,Bachelor,Single
1145,Bachelor,Single
1146,Bachelor,Single
1147,Bachelor,Married
1148,Bachelor,Single
1149,Intermediate,Married
1150,Matric,Married
1151,Matric,Single
1152,Intermediate,Divorced
1153,PhD,Married
1154,Bachelor,Married
1155,Intermediate,Married
1156,Master,Married
1157,Master,Single
1158,Bachelor,Divorced
1159,Bachelor,Single
1160,Intermediate,Married
1161,Bachelor,Single
1162,Bachelor,Married
1163,Bachelor,Single
1164,Bachelor,Married
1165,Bachelor,Married
1166,Bachelor,Single
1167,Master,Married
1168,Master,Single
1169,Master,Single
1170,PhD,Married
1171,Bachelor,Married
1172,Bachelor,Divorced
1173,Master,Single
1174,Intermediate,Single
1175,Matric,Single
1176,Bachelor,Divorced
1177,Intermediate,Single
1178,Bachelor,Married
1179,Master,Married
1180,Bachelor,Single
1181,Master,Divorced
1182,Bachelor,Single
1183,Bachelor,Divorced
1184,Matric,Divorced
1185,PhD,Married
1186,PhD,Divorced
1187,Intermediate,Married
1188,Bachelor,Divorced
1189,Intermediate,Married
1190,PhD,Married
1191,Bachelor,Married
1192,Bachelor,Single
1193,PhD,Divorced
1194,Bachelor,Married
1195,Bachelor,Married
1196,Bachelor,Single
1197,Intermediate,Married
1198,Intermediate,Single
1199,Matric,Married
1200,Intermediate,Single
1201,Bachelor,Married
1202,Matric,Married
1203,Intermediate,Widowed
1204,Intermediate,Divorced
1205,Master,Single
1206,Intermediate,Married
1207,Bachelor,Single
1208,Master,Married
1209,Intermediate,Single
1210,Intermediate,Single
1211,Bachelor,Married
1212,Master,Married
1213,Master,Married
1214,Intermediate,Single
1215,Bachelor,Married
1216,Master,Married
1217,Bachelor,Married
1218,Master,Married
1219,Matric,Single
1220,Master,Married
1221,Intermediate,Widowed
1222,Bachelor,Divorced
1223,Intermediate,Married
1224,Master,Single
1225,Master,Married
1226,Master,Married
1227,Intermediate,Widowed
1228,Bachelor,Single
1229,Bachelor,Married
1230,Bachelor,Single
1231,Bachelor,Married
1232,Bachelor,Single
1233,Master,Married
1234,Master,Single
1235,Master,Married
1236,Master,Single
1237,Bachelor,Widowed
1238,Bachelor,Married
1239,Intermediate,Divorced
1240,Bachelor,Married
1241,Bachelor,Single
1242,Bachelor,Divorced
1243,Matric,Single
1244,Master,Single
1245,Bachelor,Single
1246,Intermediate,Single
1247,Bachelor,Single
1248,Master,Single
1249,Bachelor,Married
1250,Master,Married
1251,Matric,Married
1252,Master,Divorced
1253,Bachelor,Married
1254,PhD,Single
1255,Matric,Single
1256,Master,Married
1257,Bachelor,Divorced
1258,Master,Married
1259,Bachelor,Married
1260,Matric,Single
1261,Bachelor,Married
1262,Matric,Widowed
1263,Bachelor,Married
1264,Intermediate,Single
1265,Bachelor,Widowed
1266,Bachelor,Married
1267,Master,Married
1268,PhD,Divorced
1269,Bachelor,Single
1270,Bachelor,Married
1271,Bachelor,Married
1272,Master,Married
1273,Intermediate,Single
1274,Bachelor,Single
1275,PhD,Single
1276,Master,Single
1277,PhD,Single
1278,Intermediate,Married
1279,Master,Divorced
1280,Intermediate,Single
1281,Intermediate,Single
1282,PhD,Married
1283,Bachelor,Single
1284,Intermediate,Married
1285,Bachelor,Married
1286,PhD,Married
1287,Master,Married
1288,Bachelor,Single
1289,Matric,Married
1290,Master,Married
1291,Intermediate,Widowed
1292,Bachelor,Married
1293,Intermediate,Married
1294,Intermediate,Single
1295,Bachelor,Single
1296,Master,Single
1297,PhD,Married
1298,Master,Married
1299,Bachelor,Single
1300,PhD,Widowed
1301,Bachelor,Single
1302,Matric,Single
1303,Master,Single
1304,PhD,Widowed
1305,Bachelor,Married
1306,Intermediate,Widowed
1307,Intermediate,Single
1308,Master,Single
1309,Master,Married
1310,Bachelor,Married
1311,Bachelor,Married
1312,Bachelor,Single
1313,Bachelor,Married
1314,Bachelor,Single
1315,Bachelor,Single
1316,Bachelor,Single
1317,Intermediate,Married
1318,Matric,Single
1319,Bachelor,Married
1320,Master,Married
1321,Matric,Single
1322,Master,Married
1323,Bachelor,Single
1324,Master,Married
1325,Master,Single
1326,Bachelor,Single
1327,Bachelor,Married
1328,Intermediate,Married
1329,Bachelor,Married
1330,Bachelor,Single
1331,Master,Single
1332,Master,Divorced
1333,Intermediate,Married
1334,Bachelor,Single
1335,Bachelor,Married
1336,Matric,Married
1337,PhD,Married
1338,Intermediate,Single
1339,Bachelor,Single
1340,Master,Married
1341,Bachelor,Single
1342,Intermediate,Married
1343,Master,Divorced
1344,PhD,Divorced
1345,Master,Married
1346,Master,Single
1347,PhD,Single
1348,Master,Married
1349,Bachelor,Married
1350,Intermediate,Single
1351,Master,Married
1352,Bachelor,Married
1353,Intermediate,Widowed
1354,Bachelor,Married
1355,Master,Married
1356,Intermediate,Single
1357,Bachelor,Widowed
1358,Intermediate,Married
1359,Intermediate,Single
1360,Master,Married
1361,PhD,Married
1362,Intermediate,Married
1363,PhD,Married
1364,Master,Married
1365,Bachelor,Single
1366,Matric,Married
1367,Master,Divorced
1368,Matric,Widowed
1369,Matric,Married
1370,Bachelor,Married
1371,PhD,Single
1372,Intermediate,Single
1373,Bachelor,Married
1374,Bachelor,Divorced
1375,Master,Divorced
1376,Bachelor,Single
1377,Bachelor,Married
1378,Matric,Single
1379,Bachelor,Single
1380,Bachelor,Married
1381,Bachelor,Married
1382,Master,Married
1383,Bachelor,Widowed
1384,Bachelor,Single
1385,Bachelor,Divorced
1386,Bachelor,Widowed
1387,Master,Divorced
1388,Bachelor,Single
1389,Intermediate,Single
1390,Bachelor,Divorced
1391,PhD,Married
1392,Bachelor,Married
1393,Intermediate,Married
1394,Master,Married
1395,Matric,Single
1396,Master,Single
1397,PhD,Married
1398,Matric,Married
1399,Bachelor,Married
1400,Master,Single
1401,Intermediate,Single
1402,Matric,Married
1403,Master,Married
1404,Bachelor,Married
1405,Matric,Single
1406,Bachelor,Married
1407,Bachelor,Married
1408,Master,Single
1409,Matric,Single
1410,Matric,Single
1411,Master,Married
1412,Master,Widowed
1413,Bachelor,Single
1414,Bachelor,Married
1415,Master,Married
1416,Master,Single
1417,Intermediate,Single
1418,Master,Single
1419,Intermediate,Divorced
1420,Bachelor,Divorced
1421,Bachelor,Divorced
1422,PhD,Married
1423,Master,Widowed
1424,Bachelor,Married
1425,PhD,Married
1426,PhD,Married
1427,Intermediate,Married
1428,Matric,Married
1429,Master,Married
1430,Bachelor,Married
1431,Bachelor,Married
1432,Master,Widowed
1433,Matric,Married
1434,Bachelor,Married
1435,Bachelor,Widowed
1436,Bachelor,Married
1437,Matric,Single
1438,Intermediate,Married
1439,Matric,Single
1440,Master,Married
1441,Intermediate,Single
1442,Master,Divorced
1443,PhD,Married
1444,Bachelor,Single
1445,Bachelor,Married
1446,PhD,Divorced
1447,Intermediate,Married
1448,Matric,Divorced
1449,Master,Married
1450,Bachelor,Divorced
1451,Master,Married
1452,Master,Divorced
1453,Matric,Divorced
1454,Matric,Widowed
1455,Bachelor,Married
1456,PhD,Married
1457,Intermediate,Single
1458,Bachelor,Single
1459,Master,Married
1460,Master,Married
1461,Master,Married
1462,Bachelor,Married
1463,Master,Married
1464,Intermediate,Married
1465,Bachelor,Married
1466,Intermediate,Single
1467,Master,Divorced
1468,Intermediate,Married
1469,Bachelor,Single
1470,Master,Single
1471,Master,Married
1472,Bachelor,Married
1473,Master,Married
1474,Intermediate,Married
1475,Master,Divorced
1476,Master,Single
1477,Bachelor,Married
1478,Intermediate,Married
1479,Matric,Single
1480,Bachelor,Single
1481,Intermediate,Single
1482,Master,Single
1483,Master,Married
1484,Master,Single
1485,Master,Married
1486,Bachelor,Divorced
1487,Bachelor,Single
1488,Bachelor,Married
1489,Matric,Single
1490,Bachelor,Married
1491,Bachelor,Single
1492,Intermediate,Single
1493,Intermediate,Married
1494,Master,Married
1495,Master,Married
1496,Master,Married
1497,Bachelor,Married
1498,Intermediate,Divorced
1499,Bachelor,Single
1500,Intermediate,Single
1501,Master,Single
1502,PhD,Married
1503,Bachelor,Married
1504,Master,Married
1505,Master,Widowed
1506,Master,Widowed
1507,PhD,Divorced
1508,Master,Married
1509,Intermediate,Married
1510,Bachelor,Married
1511,Bachelor,Single
1512,Master,Married
1513,Intermediate,Married
1514,Intermediate,Single
1515,Matric,Single
1516,Intermediate,Single
1517,Master,Married
1518,Matric,Single
1519,Bachelor,Married
1520,Intermediate,Single
1521,PhD,Divorced
1522,Master,Single
1523,Bachelor,Divorced
1524,PhD,Married
1525,Bachelor,Single
1526,Master,Divorced
1527,PhD,Married
1528,Intermediate,Married
1529,PhD,Married
1530,Master,Married
1531,Bachelor,Single
1532,Matric,Married
1533,PhD,Single
1534,PhD,Single
1535,Bachelor,Married
1536,Bachelor,Married
1537,Intermediate,Married
1538,Matric,Divorced
1539,Master,Married
1540,Master,Single
1541,Intermediate,Married
1542,Master,Divorced
1543,Bachelor,Married
1544,Bachelor,Married
1545,Bachelor,Married
1546,Bachelor,Single
1547,Intermediate,Divorced
1548,Intermediate,Married
1549,Master,Married
1550,Master,Single
1551,PhD,Divorced
1552,Bachelor,Married
1553,Bachelor,Married
1554,Bachelor,Married
1555,Matric,Single
1556,Master,Married
1557,Master,Widowed
1558,PhD,Single
1559,Master,Married
1560,Bachelor,Married
1561,Bachelor,Single
1562,Master,Married
1563,Matric,Married
1564,Intermediate,Married
1565,Master,Single
1566,Intermediate,Single
1567,Bachelor,Married
1568,Bachelor,Single
1569,Matric,Married
1570,Master,Single
1571,Intermediate,Married
1572,Master,Single
1573,Bachelor,Single
1574,Bachelor,Widowed
1575,Bachelor,Single
1576,Bachelor,Married
1577,Bachelor,Single
1578,Master,Married
1579,Master,Married
1580,Intermediate,Single
1581,Master,Single
1582,Bachelor,Single
1583,Bachelor,Single
1584,PhD,Married
1585,Bachelor,Married
1586,Bachelor,Married
1587,Bachelor,Married
1588,Master,Married
1589,Bachelor,Single
1590,Matric,Single
1591,Matric,Widowed
1592,Matric,Married
1593,Intermediate,Single
1594,Matric,Married
1595,Bachelor,Widowed
1596,Master,Single
1597,Master,Married
1598,Master,Married
1599,Bachelor,Married
1600,Master,Married
1601,Bachelor,Widowed
1602,Intermediate,Married
1603,Intermediate,Married
1604,Bachelor,Single
1605,Master,Married
1606,Master,Married
1607,Master,Married
1608,Matric,Single
1609,Master,Married
1610,Matric,Single
1611,Bachelor,Married
1612,Bachelor,Married
1613,Master,Single
1614,Master,Married
1615,Master,Married
1616,Intermediate,Married
1617,Intermediate,Married
1618,Master,Widowed
1619,Master,Married
1620,Matric,Divorced
1621,Matric,Married
1622,Intermediate,Married
1623,Master,Single
1624,Bachelor,Married
1625,Bachelor,Married
1626,Bachelor,Widowed
1627,Master,Married
1628,Intermediate,Married
1629,Master,Single
1630,Bachelor,Single
1631,Bachelor,Widowed
1632,Bachelor,Divorced
1633,Bachelor,Single
1634,Bachelor,Married
1635,Master,Married
1636,Master,Married
1637,Intermediate,Married
1638,Master,Divorced
1639,Master,Widowed
1640,PhD,Married
1641,Intermediate,Married
1642,Master,Married
1643,Bachelor,Single
1644,Intermediate,Married
1645,Bachelor,Single
1646,Bachelor,Married
1647,PhD,Married
1648,Bachelor,Single
1649,Master,Married
1650,Master,Single
1651,PhD,Divorced
1652,Bachelor,Married
1653,Master,Married
1654,Master,Married
1655,Master,Single
1656,Bachelor,Single
1657,PhD,Married
1658,Bachelor,Single
1659,Master,Married
1660,Intermediate,Married
1661,Bachelor,Single
1662,Bachelor,Married
1663,Bachelor,Single
1664,Matric,Married
1665,Master,Single
1666,Bachelor,Single
1667,Bachelor,Single
1668,Master,Married
1669,PhD,Married
1670,Bachelor,Married
1671,Bachelor,Single
1672,PhD,Married
1673,Intermediate,Married
1674,Bachelor,Divorced
1675,Bachelor,Single
1676,Master,Married
1677,Matric,Single
1678,Bachelor,Married
1679,Matric,Single
1680,Master,Married
1681,Matric,Single
1682,Matric,Single
1683,Bachelor,Single
1684,Matric,Single
1685,Matric,Divorced
1686,Master,Divorced
1687,Bachelor,Married
1688,PhD,Married
1689,Bachelor,Married
1690,Master,Single
1691,Bachelor,Married
1692,Master,Divorced
1693,Bachelor,Married
1694,Bachelor,Married
1695,Bachelor,Married
1696,Master,Single
1697,PhD,Married
1698,Bachelor,Married
1699,Intermediate,Single
1700,Bachelor,Married
1701,Intermediate,Single
1702,Master,Married
1703,PhD,Married
1704,Bachelor,Married
1705,Bachelor,Divorced
1706,Bachelor,Married
1707,Master,Married
1708,Bachelor,Married
1709,Intermediate,Married
1710,Intermediate,Single
1711,Bachelor,Single
1712,Intermediate,Single
1713,Master,Divorced
1714,Master,Single
1715,Bachelor,Single
1716,PhD,Married
1717,Matric,Married
1718,Bachelor,Single
1719,Bachelor,Single
1720,Master,Married
1721,Bachelor,Single
1722,Bachelor,Single
1723,Master,Married
1724,Bachelor,Married
1725,Matric,Single
1726,Master,Single
1727,Bachelor,Single
1728,PhD,Married
1729,Master,Married
1730,PhD,Divorced
1731,Bachelor,Married
1732,Matric,Married
1733,PhD,Married
1734,PhD,Married
1735,Master,Married
1736,Bachelor,Married
1737,Matric,Married
1738,Intermediate,Widowed
1739,Bachelor,Widowed
1740,Matric,Single
1741,Intermediate,Single
1742,Bachelor,Single
1743,PhD,Single
1744,Matric,Single
1745,Bachelor,Single
1746,Master,Married
1747,Intermediate,Single
1748,Bachelor,Married
1749,Master,Widowed
1750,Master,Single
1751,PhD,Married
1752,Matric,Single
1753,Bachelor,Married
1754,Intermediate,Single
1755,Matric,Single
1756,Bachelor,Single
1757,Intermediate,Single
1758,PhD,Married
1759,PhD,Divorced
1760,Matric,Divorced
1761,Bachelor,Single
1762,Intermediate,Single
1763,Master,Married
1764,Intermediate,Single
1765,Master,Married
1766,Bachelor,Divorced
1767,Bachelor,Single
1768,Bachelor,Married
1769,Bachelor,Single
1770,Master,Married
1771,Matric,Single
1772,Bachelor,Married
1773,Bachelor,Married
1774,Bachelor,Single
1775,Master,Married
1776,Master,Married
1777,Matric,Single
1778,Intermediate,Single
1779,Master,Single
1780,Matric,Single
1781,Matric,Widowed
1782,Bachelor,Divorced
1783,Bachelor,Married
1784,Bachelor,Married
1785,Bachelor,Single
1786,Master,Single
1787,Intermediate,Single
1788,Master,Divorced
1789,Master,Married
1790,Matric,Single
1791,PhD,Married
1792,Master,Widowed
1793,Matric,Widowed
1794,Bachelor,Widowed
1795,Intermediate,Widowed
1796,Bachelor,Single
1797,Master,Divorced
1798,Bachelor,Married
1799,Matric,Single
1800,Bachelor,Divorced
1801,Matric,Single
1802,Bachelor,Married
1803,Intermediate,Single
1804,Intermediate,Married
1805,Intermediate,Divorced
1806,PhD,Widowed
1807,PhD,Married
1808,Matric,Married
1809,Bachelor,Divorced
1810,Matric,Married
1811,Master,Married
1812,Intermediate,Single
1813,Master,Widowed
1814,Bachelor,Married
1815,Matric,Widowed
1816,Master,Married
1817,Bachelor,Single
1818,Intermediate,Married
1819,Bachelor,Married
1820,Bachelor,Married
1821,Master,Married
1822,Intermediate,Married
1823,Master,Married
1824,Bachelor,Divorced
1825,Master,Married
1826,Intermediate,Widowed
1827,Master,Single
1828,Master,Married
1829,Bachelor,Married
1830,Bachelor,Married
1831,PhD,Divorced
1832,Master,Married
1833,Matric,Married
1834,Intermediate,Married
1835,Bachelor,Single
1836,Master,Married
1837,Master,Married
1838,Master,Married
1839,Bachelor,Married
1840,Bachelor,Single
1841,Master,Married
1842,Bachelor,Married
1843,Bachelor,Single
1844,Matric,Single
1845,Intermediate,Married
1846,Bachelor,Single
1847,Bachelor,Married
1848,Master,Married
1849,Matric,Widowed
1850,Master,Married
1851,Intermediate,Divorced
1852,Bachelor,Single
1853,Intermediate,Single
1854,Bachelor,Single
1855,Matric,Married
1856,Bachelor,Widowed
1857,Master,Single
1858,Bachelor,Married
1859,PhD,Single
1860,Bachelor,Divorced
1861,Intermediate,Single
1862,PhD,Married
1863,Master,Married
1864,Intermediate,Single
1865,Intermediate,Divorced
1866,Bachelor,Divorced
1867,Bachelor,Married
1868,Master,Single
1869,Matric,Divorced
1870,Master,Divorced
1871,Intermediate,Single
1872,Bachelor,Single
1873,Master,Single
1874,Matric,Married
1875,Master,Married
1876,Bachelor,Married
1877,Bachelor,Single
1878,Master,Married
1879,Intermediate,Single
1880,Master,Married
1881,Bachelor,Married
1882,Bachelor,Single
1883,Intermediate,Single
1884,Bachelor,Single
1885,Bachelor,Single
1886,Matric,Married
1887,Master,Married
1888,Intermediate,Single
1889,Bachelor,Widowed
1890,Bachelor,Single
1891,Bachelor,Married
1892,Master,Single
1893,Master,Married
1894,Matric,Single
1895,Matric,Single
1896,Bachelor,Married
1897,Matric,Divorced
1898,Master,Married
1899,Bachelor,Married
1900,PhD,Married
1901,Bachelor,Divorced
1902,Bachelor,Married
1903,Master,Widowed
1904,Bachelor,Divorced
1905,Bachelor,Divorced
1906,Matric,Single
1907,Bachelor,Widowed
1908,Intermediate,Single
1909,Master,Widowed
1910,Master,Widowed
1911,Master,Married
1912,Matric,Married
1913,Bachelor,Married
1914,Master,Single
1915,Bachelor,Single
1916,PhD,Married
1917,Master,Single
1918,Matric,Married
1919,Intermediate,Married
1920,Bachelor,Divorced
1921,Bachelor,Single
1922,Master,Widowed
1923,Matric,Single
1924,Bachelor,Married
1925,Master,Married
1926,Master,Married
1927,Master,Divorced
1928,Intermediate,Single
1929,Master,Married
1930,Bachelor,Married
1931,Matric,Single
1932,PhD,Married
1933,Bachelor,Single
1934,Bachelor,Married
1935,Bachelor,Widowed
1936,Matric,Married
1937,Bachelor,Single
1938,Intermediate,Widowed
1939,Master,Married
1940,Master,Single
1941,PhD,Married
1942,Master,Married
1943,Intermediate,Single
1944,Bachelor,Married
1945,Bachelor,Single
1946,Intermediate,Married
1947,Bachelor,Married
1948,Master,Married
1949,Intermediate,Single
1950,Bachelor,Single
1951,Bachelor,Divorced
1952,Bachelor,Divorced
1953,Bachelor,Single
1954,Bachelor,Married
1955,Master,Single
1956,Bachelor,Married
1957,Bachelor,Married
1958,Bachelor,Single
1959,Bachelor,Single
1960,PhD,Married
1961,Bachelor,Single
1962,Bachelor,Married
1963,Matric,Married
1964,Bachelor,Single
1965,Bachelor,Married
1966,Bachelor,Married
1967,Bachelor,Single
1968,Master,Widowed
1969,Master,Married
1970,Intermediate,Single
1971,Bachelor,Single
1972,Bachelor,Single
1973,PhD,Married
1974,Matric,Single
1975,Intermediate,Married
1976,Matric,Divorced
1977,Intermediate,Single
1978,Bachelor,Divorced
1979,Master,Married
1980,Matric,Divorced
1981,Bachelor,Married
1982,Master,Single
1983,Master,Married
1984,Master,Single
1985,Master,Married
1986,Matric,Married
1987,Master,Married
1988,Intermediate,Single
1989,Bachelor,Married
1990,Master,Married
1991,Bachelor,Single
1992,Master,Married
1993,Master,Married
1994,Matric,Married
1995,Bachelor,Married
1996,Bachelor,Married
1997,Matric,Married
1998,Intermediate,Married
1999,Matric,Single
2000,Master,Single
2001,PhD,Married
2002,Bachelor,Single
2003,Master,Single
2004,Master,Married
2005,Bachelor,Single
2006,Bachelor,Single
2007,PhD,Single
2008,Intermediate,Divorced
2009,Master,Married
2010,Intermediate,Single
2011,Master,Married
2012,Bachelor,Divorced
2013,Bachelor,Single
2014,Master,Single
2015,Master,Married
2016,PhD,Widowed
2017,Master,Single
2018,PhD,Married
2019,Master,Widowed
2020,Bachelor,Single
2021,Bachelor,Single
2022,Master,Married
2023,Intermediate,Married
2024,Intermediate,Single
2025,Bachelor,Divorced
2026,Bachelor,Married
2027,PhD,Married
2028,Intermediate,Single
2029,Bachelor,Single
2030,Bachelor,Married
2031,Master,Single
2032,Master,Married
2033,Master,Widowed
2034,Bachelor,Single
2035,Bachelor,Single
2036,Intermediate,Widowed
2037,Bachelor,Single
2038,Master,Married
2039,Bachelor,Married
2040,Bachelor,Single
2041,Intermediate,Single
2042,Matric,Married
2043,Bachelor,Divorced
2044,Bachelor,Single
2045,Intermediate,Married
2046,Master,Married
2047,Master,Married
2048,Master,Married
2049,Bachelor,Single
2050,Intermediate,Single
2051,Intermediate,Single
2052,Master,Married
2053,Master,Single
2054,Matric,Single
2055,Bachelor,Single
2056,PhD,Divorced
2057,Intermediate,Married
2058,Intermediate,Single
2059,Bachelor,Single
2060,Intermediate,Widowed
2061,Bachelor,Single
2062,Bachelor,Single
2063,PhD,Single
2064,Bachelor,Single
2065,PhD,Married
2066,Master,Married
2067,Bachelor,Married
2068,Bachelor,Divorced
2069,Bachelor,Single
2070,Master,Single
2071,Intermediate,Single
2072,Bachelor,Widowed
2073,Intermediate,Married
2074,Bachelor,Single
2075,Bachelor,Single
2076,Bachelor,Single
2077,Bachelor,Widowed
2078,Master,Single
2079,PhD,Married
2080,Master,Single
2081,Bachelor,Married
2082,Master,Married
2083,Master,Married
2084,Intermediate,Single
2085,Intermediate,Single
2086,Master,Married
2087,Master,Married
2088,PhD,Married
2089,Bachelor,Married
2090,Master,Married
2091,Bachelor,Divorced
2092,Master,Single
2093,Matric,Widowed
2094,Bachelor,Single
2095,Master,Single
2096,PhD,Married
2097,Master,Married
2098,Matric,Single
2099,Bachelor,Married
2100,Master,Single
2101,PhD,Divorced
2102,Matric,Divorced
2103,Bachelor,Married
2104,Bachelor,Married
2105,Bachelor,Divorced
2106,Master,Married
2107,Master,Single
2108,Bachelor,Single
2109,Intermediate,Divorced
2110,Matric,Divorced
2111,Bachelor,Single
2112,Intermediate,Single
2113,Bachelor,Single
2114,Bachelor,Married
2115,Bachelor,Married
2116,Matric,Single
2117,Matric,Single
2118,Intermediate,Single
2119,Bachelor,Single
2120,Master,Married
2121,Bachelor,Single
2122,Bachelor,Divorced
2123,Intermediate,Married
2124,Matric,Widowed
2125,Bachelor,Divorced
2126,Intermediate,Single
2127,Bachelor,Married
2128,Bachelor,Married
2129,Intermediate,Widowed
2130,Matric,Single
2131,Master,Single
2132,Bachelor,Married
2133,Bachelor,Married
2134,PhD,Divorced
2135,Intermediate,Single
2136,PhD,Married
2137,Bachelor,Married
2138,Master,Divorced
2139,Intermediate,Married
2140,Intermediate,Divorced
2141,Bachelor,Married
2142,PhD,Divorced
2143,Bachelor,Divorced
2144,PhD,Single
2145,Bachelor,Single
2146,PhD,Single
2147,Master,Single
2148,Bachelor,Single
2149,Bachelor,Single
2150,Bachelor,Widowed
2151,Intermediate,Widowed
2152,Intermediate,Married
2153,Bachelor,Single
2154,Master,Married
2155,Intermediate,Single
2156,Intermediate,Married
2157,Matric,Married
2158,Master,Single
2159,Master,Married
2160,Master,Married
2161,Intermediate,Divorced
2162,PhD,Married
2163,Master,Married
2164,Matric,Married
2165,Bachelor,Single
2166,Intermediate,Married
2167,Master,Married
2168,Bachelor,Married
2169,Bachelor,Divorced
2170,PhD,Single
2171,Bachelor,Single
2172,Bachelor,Married
2173,Intermediate,Divorced
2174,PhD,Married
2175,PhD,Divorced
2176,Bachelor,Married
2177,Intermediate,Divorced
2178,Bachelor,Married
2179,Master,Married
2180,Bachelor,Single
2181,PhD,Married
2182,Master,Single
2183,Bachelor,Married
2184,PhD,Married
2185,Master,Married
2186,Master,Single
2187,Master,Single
2188,Intermediate,Married
2189,Bachelor,Married
2190,Bachelor,Married
2191,Matric,Married
2192,Intermediate,Single
2193,Master,Married
2194,Bachelor,Single
2195,Bachelor,Single
2196,Master,Married
2197,Bachelor,Married
2198,Master,Widowed
2199,Bachelor,Single
2200,Bachelor,Single
2201,Master,Single
2202,Master,Married
2203,Master,Married
2204,Matric,Single
2205,Intermediate,Single
2206,Bachelor,Single
2207,Bachelor,Divorced
2208,Intermediate,Single
2209,Matric,Single
2210,Bachelor,Married
2211,Bachelor,Widowed
2212,Intermediate,Married
2213,Master,Single
2214,Bachelor,Married
2215,Master,Divorced
2216,Bachelor,Married
2217,Master,Divorced
2218,Bachelor,Married
2219,Bachelor,Single
2220,Intermediate,Divorced
2221,PhD,Widowed
2222,Master,Single
2223,Master,Single
2224,Matric,Single
2225,Bachelor,Married
2226,Matric,Divorced
2227,Bachelor,Married
2228,Bachelor,Married
2229,Master,Divorced
2230,PhD,Widowed
2231,Intermediate,Single
2232,Bachelor,Married
2233,Master,Single
2234,Bachelor,Widowed
2235,Intermediate,Married
2236,Bachelor,Single
2237,Master,Single
2238,Bachelor,Single
2239,Matric,Single
2240,Intermediate,Single
2241,Bachelor,Single
2242,Intermediate,Married
2243,Bachelor,Married
2244,Intermediate,Widowed
2245,Master,Married
2246,Master,Single
2247,Bachelor,Widowed
2248,Bachelor,Widowed
2249,Bachelor,Married
2250,Matric,Single
2251,Master,Divorced
2252,Bachelor,Single
2253,PhD,Married
2254,Intermediate,Married
2255,Bachelor,Married
2256,Master,Single
2257,Master,Married
2258,Bachelor,Single
2259,Master,Married
2260,Bachelor,Single
2261,PhD,Divorced
2262,Bachelor,Single
2263,Bachelor,Widowed
2264,Bachelor,Married
2265,Intermediate,Married
2266,Intermediate,Single
2267,Matric,Married
2268,Master,Married
2269,Master,Married
2270,Intermediate,Divorced
2271,Master,Married
2272,Master,Married
2273,Matric,Single
2274,PhD,Married
2275,Bachelor,Divorced
2276,Master,Single
2277,PhD,Married
2278,Intermediate,Single
2279,Master,Married
2280,PhD,Divorced
2281,Intermediate,Single
2282,Master,Married
2283,Master,Married
2284,PhD,Single
2285,Bachelor,Single
2286,PhD,Divorced
2287,PhD,Married
2288,Intermediate,Married
2289,Intermediate,Divorced
2290,Master,Married
2291,Matric,Married
2292,Bachelor,Single
2293,PhD,Married
2294,Intermediate,Single
2295,Matric,Single
2296,PhD,Married
2297,Bachelor,Single
2298,Master,Married
2299,Bachelor,Single
2300,Master,Single
2301,Intermediate,Married
2302,Bachelor,Married
2303,Bachelor,Married
2304,Master,Widowed
2305,Bachelor,Single
2306,PhD,Married
2307,PhD,Divorced
2308,Master,Single
2309,PhD,Divorced
2310,Intermediate,Married
2311,Intermediate,Married
2312,Master,Married
2313,Intermediate,Married
2314,Bachelor,Married
2315,Master,Married
2316,Master,Married
2317,Bachelor,Divorced
2318,Bachelor,Married
2319,Bachelor,Single
2320,Bachelor,Married
2321,Master,Married
2322,Bachelor,Single
2323,Bachelor,Married
2324,Bachelor,Married
2325,Matric,Widowed
2326,Master,Single
2327,Bachelor,Married
2328,Intermediate,Widowed
2329,Intermediate,Single
2330,Matric,Married
2331,Bachelor,Married
2332,Bachelor,Married
2333,Master,Married
2334,Bachelor,Married
2335,Master,Single
2336,Bachelor,Married
2337,Master,Married
2338,Bachelor,Widowed
2339,Matric,Single
2340,PhD,Married
2341,Matric,Single
2342,Bachelor,Married
2343,Bachelor,Single
2344,Bachelor,Married
2345,Master,Married
2346,Master,Single
2347,Intermediate,Married
2348,Intermediate,Married
2349,PhD,Divorced
2350,Bachelor,Divorced
2351,Bachelor,Divorced
2352,Bachelor,Married
2353,Intermediate,Married
2354,Intermediate,Divorced
2355,Intermediate,Married
2356,Bachelor,Single
2357,Bachelor,Married
2358,PhD,Married
2359,Intermediate,Single
2360,Master,Married
2361,Bachelor,Married
2362,Intermediate,Single
2363,Bachelor,Married
2364,Master,Married
2365,PhD,Single
2366,Bachelor,Married
2367,Master,Married
2368,Bachelor,Widowed
2369,Bachelor,Single
2370,Intermediate,Married
2371,Intermediate,Widowed
2372,Intermediate,Single
2373,Intermediate,Single
2374,Bachelor,Married
2375,Bachelor,Married
2376,Bachelor,Married
2377,Matric,Married
2378,Matric,Married
2379,Bachelor,Single
2380,Bachelor,Single
2381,Bachelor,Married
2382,Matric,Widowed
2383,Bachelor,Married
